event_count,file_count,email_count,logon_count,device_count,unique_event_types,window_duration,activity_intensity,avg_time_gap,min_time_gap,time_gap_std,burst_ratio,file_ratio,email_ratio,device_ratio,event_entropy,transition_logon->file,transition_file->file,transition_email->email,transition_device->logon,num_transitions,transition_diversity,event_switch_rate,max_event_repeat,file_then_device_proximity,file_dev_norm,email_dev_norm,logon_dev_norm,total_dev,file_x_device,label,user,sequence_signature_L-L-F-F-E,sequence_signature_L-L-F-F-F,sequence_signature_L-L-L-L-E,sequence_signature_L-L-L-L-F,first_event_logon,last_event_device,last_event_email,last_event_file,prediction,probability
24,12,0,4,8,3,600.0,0.04,26.08695652173913,0.0,42.706188374986695,0.6521736294897263,0.49999979166675346,0.0,0.3333331944445023,1.4591479170272446,1,8,0,0,23,6,0.24999989583337673,12,4,11.999880001199987,0.0,3.9999600003999958,15.999840001599983,96,0,USR001,False,False,False,True,True,True,False,False,1,0.9996933488848041
10,6,0,2,2,3,240.0,0.041666666666666664,26.666666666666668,0.0,29.814239699997195,0.5555549382722909,0.5999994000006,0.0,0.1999998000002,1.3709505944546687,1,5,0,0,9,5,0.49999950000050003,6,1,5.999940000599993,0.0,1.9999800001999979,7.9999200007999915,12,0,USR001,False,True,False,False,True,True,False,False,1,0.9996901663990428
12,4,2,4,2,4,1800.0,0.006666666666666667,163.63636363636363,0.0,319.63822525055156,0.6363630578517656,0.33333305555578707,0.16666652777789354,0.16666652777789354,1.9182958340544893,0,2,1,0,11,8,0.6666661111115741,4,1,3.9999600003999958,1.9999800001999979,3.9999600003999958,9.99990000099999,8,1,USR002,False,False,True,False,True,False,False,True,1,0.999706755024267
6,2,2,2,0,3,2700.0,0.0022222222222222222,540.0,0.0,720.0,0.5999988000024,0.33333277777870374,0.33333277777870374,0.0,1.584962500721156,1,1,1,0,5,5,0.8333319444467593,2,0,1.9999800001999979,1.9999800001999979,1.9999800001999979,5.999940000599993,0,0,USR003,True,False,False,False,True,False,True,False,1,0.9647550951431374
