event_count,file_count,email_count,logon_count,device_count,unique_event_types,window_duration,activity_intensity,avg_time_gap,min_time_gap,time_gap_std,burst_ratio,file_ratio,email_ratio,device_ratio,event_entropy,transition_logon->file,transition_file->file,transition_email->email,transition_device->logon,num_transitions,transition_diversity,event_switch_rate,max_event_repeat,file_then_device_proximity,file_dev_norm,email_dev_norm,logon_dev_norm,total_dev,file_x_device,label,user,sequence_signature_L-L-L-L-F,sequence_signature_L-L-L-L-L,first_event_logon,last_event_device,last_event_email,last_event_file,prediction,probability
32,16,0,6,10,3,600.0,0.05333333333333334,19.35483870967742,0.0,38.51564272670787,0.7419352445370179,0.4999998437500488,0.0,0.3124999023437805,1.4772170014624826,1,12,0,0,31,6,0.1874999414062683,16,4,15.999840001599983,0.0,5.999940000599993,21.999780002199977,160,1,USR001,False,True,True,True,False,False,1,0.9991857223601572
20,12,0,4,4,3,240.0,0.08333333333333333,12.631578947368421,0.0,24.46094744973105,0.7894732686982796,0.59999970000015,0.0,0.19999990000005,1.3709505944546687,1,11,0,0,19,5,0.24999987500006252,12,1,11.999880001199987,0.0,3.9999600003999958,15.999840001599983,48,1,USR001,True,False,True,True,False,False,1,0.9992457316404214
20,6,4,6,4,4,1800.0,0.011111111111111112,94.73684210526316,0.0,256.27633977187554,0.7894732686982796,0.299999850000075,0.19999990000005,0.19999990000005,1.9709505944546686,0,4,3,0,19,8,0.3999998000001,6,1,5.999940000599993,3.9999600003999958,5.999940000599993,15.999840001599983,24,1,USR002,False,True,True,False,False,True,1,0.9985766675260032
12,4,4,4,0,3,2700.0,0.0044444444444444444,245.45454545454547,0.0,554.9179077102492,0.8181810743808415,0.33333305555578707,0.33333305555578707,0.0,1.584962500721156,1,3,3,0,11,5,0.4166663194447338,4,0,3.9999600003999958,3.9999600003999958,3.9999600003999958,11.999880001199987,0,0,USR003,True,False,True,False,True,False,1,0.9777268617930165
