event_count,file_count,email_count,logon_count,device_count,unique_event_types,window_duration,activity_intensity,avg_time_gap,min_time_gap,time_gap_std,burst_ratio,file_ratio,email_ratio,device_ratio,event_entropy,transition_logon->file,transition_file->file,transition_email->email,transition_device->logon,num_transitions,transition_diversity,event_switch_rate,max_event_repeat,file_then_device_proximity,file_dev_norm,email_dev_norm,logon_dev_norm,total_dev,file_x_device,label,user,sequence_signature_L-L-L-L-L,first_event_logon,last_event_device,last_event_email,last_event_file,prediction,probability
44,22,0,8,14,3,600.0,0.07333333333333333,13.953488372093023,0.0,33.83541112460132,0.8139532990806281,0.49999988636366216,0.0,0.318181745867785,1.47283015230032,1,17,0,0,43,6,0.13636360537190786,22,5,21.999780002199977,0.0,7.9999200007999915,29.99970000299997,308,0,USR001,True,True,True,False,False,1,0.9997749774525614
25,15,0,5,5,3,240.0,0.10416666666666667,10.0,0.0,22.360679774997898,0.8333329861112558,0.599999760000096,0.0,0.199999920000032,1.3709505944546687,1,14,0,0,24,5,0.199999920000032,15,1,14.999850001499984,0.0,4.999950000499995,19.99980000199998,75,0,USR001,True,True,True,False,False,1,0.9985995343148354
26,8,5,8,5,4,1800.0,0.014444444444444444,72.0,0.0,227.050655141094,0.8399996640001344,0.30769218934915793,0.1923076183432237,0.1923076183432237,1.9612366047228758,0,6,4,0,25,8,0.30769218934915793,8,1,7.9999200007999915,4.999950000499995,7.9999200007999915,20.999790002099978,40,1,USR002,True,True,False,False,True,1,0.9988412645505528
15,5,5,5,0,3,2700.0,0.005555555555555556,192.85714285714286,0.0,502.08747916542785,0.8571422448983965,0.3333331111112593,0.3333331111112593,0.0,1.584962500721156,1,4,4,0,14,5,0.3333331111112593,5,0,4.999950000499995,4.999950000499995,4.999950000499995,14.999850001499984,0,0,USR003,True,True,False,True,False,1,0.9612688436229823
