model,precision,recall,f1
Logistic Regression,0.5683453237410072,0.46086533787068545,0.508993288590604
Decision Tree,0.5497985031663788,0.4642683519688867,0.503426462836057
Random Forest,0.376275028333963,0.4842002916869227,0.42346938775510207
Gradient Boosting,0.8609206660137121,0.42732134175984443,0.571150097465887
LightGBM,0.6351351351351351,0.4569761789013126,0.5315238903025162
