model,precision,recall,f1
Logistic Regression,0.5197395197395197,0.5358791439362148,0.5276859504132232
Decision Tree,0.570718481699051,0.5300041963911036,0.5496083550913838
Random Forest,0.6438144329896908,0.5241292488459924,0.5778394633356465
Gradient Boosting,0.7466422466422467,0.5132186319765002,0.6083063914449142
LightGBM,0.6235059760956175,0.5253881661770877,0.5702573445684355
