model,precision,recall,f1
Logistic Regression,0.4663544491003204,0.6248348745046235,0.5340860973888497
Decision Tree,0.5261845386533666,0.6271466314398944,0.5722464969112551
Random Forest,0.5250921462999717,0.6116248348745046,0.5650648360030511
Gradient Boosting,0.7323151125401929,0.6017173051519155,0.6606236403190718
LightGBM,0.5766984322164156,0.619550858652576,0.5973571087406464
