model,precision,recall,f1
Logistic Regression,0.5167426193778483,0.7228381374722838,0.6026574234546505
Decision Tree,0.6507006369426752,0.7078713968957872,0.6780831010221692
Random Forest,0.17352151245457897,0.9132483370288248,0.29163163251759083
Gradient Boosting,0.7508196721311475,0.698170731707317,0.7235387045813586
LightGBM,0.14405854526341325,0.9875277161862528,0.25143784622984366
