model,precision,recall,f1
Logistic Regression,0.5819516816674561,0.7007986309184255,0.6358695652173914
Decision Tree,0.612718204488778,0.7007986309184255,0.6538052155401809
Random Forest,0.8060739114526162,0.6283513976041073,0.7062029171341561
Gradient Boosting,0.9030231645072635,0.6560182544209926,0.7599537419461424
LightGBM,0.8856145792943001,0.6514546491728466,0.7506984387838949
