model,precision,recall,f1
Logistic Regression,0.977961432506887,0.9906976744186047,0.9842883548983364
Decision Tree,0.9649595687331537,0.9990697674418605,0.9817184643510055
Random Forest,0.9944289693593314,0.9962790697674418,0.9953531598513011
Gradient Boosting,0.9953051643192489,0.986046511627907,0.9906542056074766
LightGBM,0.9962511715089035,0.9888372093023255,0.992530345471522
