model,precision,recall,f1
Logistic Regression,0.664248286981056,0.5852272727272727,0.6222390032093638
Decision Tree,0.6762794476035743,0.5912642045454546,0.6309208033345964
Random Forest,0.653270291568164,0.5887784090909091,0.6193500186776242
Gradient Boosting,0.839787798408488,0.5621448863636364,0.6734737289938311
LightGBM,0.7670720299345183,0.5823863636363636,0.662091239402503
