model,precision,recall,f1
Logistic Regression,0.6815144766146993,0.9935064935064936,0.808454425363276
Decision Tree,0.6356107660455487,0.9967532467532467,0.7762326169405815
Random Forest,0.7481662591687042,0.9935064935064936,0.8535564853556485
Gradient Boosting,0.9568627450980393,0.7922077922077922,0.866785079928952
LightGBM,0.943609022556391,0.814935064935065,0.8745644599303136
